Hub,JKM,NBP,TTF,HH,Brent_crude
JKM,1,0.3186079759735575,0.3518813975687042,0.04734607600893818,0.07040259661380212
NBP,0.3186079759735575,1,0.9244002927208415,0.09765710891626139,0.12472332821020199
TTF,0.3518813975687042,0.9244002927208415,1,0.10312297279891297,0.13726945119545
HH,0.04734607600893818,0.09765710891626139,0.10312297279891297,1,0.07767325882576522
Brent_crude,0.07040259661380212,0.12472332821020199,0.13726945119545,0.07767325882576522,1
