Hub,JKM,NBP,TTF,HH,Brent_crude
JKM,1,0.9676972967413541,0.9610186029042105,0.8108140383918556,0.7001626951983184
NBP,0.9676972967413541,1,0.9577570218309378,0.7829345974452973,0.6754769345083185
TTF,0.9610186029042105,0.9577570218309378,1,0.8339269566413295,0.6632920454486207
HH,0.8108140383918556,0.7829345974452973,0.8339269566413295,1,0.5685354638241767
Brent_crude,0.7001626951983184,0.6754769345083185,0.6632920454486207,0.5685354638241767,1
