Pair,Beta_impact_terminal_fwd,Beta_impact_terminal_rev,Impact_CI_1_fwd,Impact_CI_1_rev,Beta_LR_terminal_fwd,Beta_LR_terminal_rev,LR_CI_1_fwd,LR_CI_1_rev,Delta_LR_terminal_fwd,Delta_LR_terminal_rev,AR_Stable_fwd,AR_Stable_rev,Corr_gas_oil_fwd,Corr_gas_oil_rev,Mean_abs_LR_gap,LR_near_1_threshold,Both_LR_near_1,Both_AR_stable,Note
JKM - NBP,0.3716621693590579,0.8543914006448077,0,7.182539682539682,0.545380142797454,0.8638077738967451,0,8.293650793650793,0.6116607238121049,0.400931888134225,TRUE,TRUE,0.7992184928584302,0.7992756656448222,0.3184276310992912,0.3,FALSE,TRUE,LR_near_1_threshold is a diagnostic heuristic. LR CIs are approximate and ignore phi uncertainty.
JKM - TTF,0.4022976126328857,0.7856986366346235,0,2.7777777777777777,0.6220504761217076,0.8455222935427438,0,6.23015873015873,0.4262129393563395,0.31166191971025603,TRUE,TRUE,0.8200030257945744,0.7992756656448222,0.22347181742103617,0.3,FALSE,TRUE,LR_near_1_threshold is a diagnostic heuristic. LR CIs are approximate and ignore phi uncertainty.
JKM - HH,0.04533927757915984,0.2005873555652195,0,0,0.06650989944556732,0.2330023261313014,0.5555555555555556,0,1.0990428910786874,0.2600804693195703,TRUE,TRUE,0.5460195742683231,0.7992756656448222,0.16649242668573408,0.3,FALSE,TRUE,LR_near_1_threshold is a diagnostic heuristic. LR CIs are approximate and ignore phi uncertainty.
NBP - TTF,1.050957558137438,0.9125568118629568,62.10317460317461,0,1.06104412741396,0.9108668157581268,49.32539682539683,0,-0.051180473013618215,0.143477066286364,TRUE,TRUE,0.8200030257945744,0.7992184928584302,0.15017731165583315,0.3,TRUE,TRUE,LR_near_1_threshold is a diagnostic heuristic. LR CIs are approximate and ignore phi uncertainty.
NBP - HH,0.057437095121786436,0.17844531563360222,0,0,0.06057244786405554,0.18606499816922073,0,0,1.383858097188976,0.1952046988348719,TRUE,TRUE,0.5460195742683231,0.7992184928584302,0.1254925503051652,0.3,FALSE,TRUE,LR_near_1_threshold is a diagnostic heuristic. LR CIs are approximate and ignore phi uncertainty.
TTF - HH,0.055311615145007015,0.1817691738296835,0,0,0.06214153275815417,0.19232497152975117,0,0,1.3129476879431647,0.18499936185243915,TRUE,TRUE,0.5460195742683231,0.8200030257945744,0.130183438771597,0.3,FALSE,TRUE,LR_near_1_threshold is a diagnostic heuristic. LR CIs are approximate and ignore phi uncertainty.
